<?xml version="1.0" encoding="UTF-8"?>
<project-private xmlns="http://www.netbeans.org/ns/project-private/1">
    <editor-bookmarks xmlns="http://www.netbeans.org/ns/editor-bookmarks/2" lastBookmarkId="0"/>
    <open-files xmlns="http://www.netbeans.org/ns/projectui-open-files/2">
        <group>
            <file>file:/C:/Users/antonio.jsneto9/OneDrive%20-%20SENAC%20-%20SP/Documentos/NetBeansProjects/Pizzaria/src/Pizzaria/Comprovante.java</file>
            <file>file:/C:/Users/antonio.jsneto9/OneDrive%20-%20SENAC%20-%20SP/Documentos/NetBeansProjects/Pizzaria/src/Pizzaria/Ul.java</file>
            <file>file:/C:/Users/antonio.jsneto9/OneDrive%20-%20SENAC%20-%20SP/Documentos/NetBeansProjects/Pizzaria/src/Pizzaria/Main.java</file>
            <file>file:/C:/Users/antonio.jsneto9/OneDrive%20-%20SENAC%20-%20SP/Documentos/NetBeansProjects/Pizzaria/src/Pizzaria/Cliente.java</file>
            <file>file:/C:/Users/antonio.jsneto9/OneDrive%20-%20SENAC%20-%20SP/Documentos/NetBeansProjects/Pizzaria/src/Pizzaria/Pedido.java</file>
            <file>file:/C:/Users/antonio.jsneto9/OneDrive%20-%20SENAC%20-%20SP/Documentos/NetBeansProjects/Pizzaria/src/Pizzaria/Item.java</file>
            <file>file:/C:/Users/antonio.jsneto9/OneDrive%20-%20SENAC%20-%20SP/Documentos/NetBeansProjects/Pizzaria/src/Pizzaria/Pagamento.java</file>
        </group>
    </open-files>
</project-private>
